{
  "code": "200",
  "data": {
    "countId": "",
    "current": 1,
    "hitCount": false,
    "maxLimit": 0,
    "optimizeCountSql": true,
    "orders": [],
    "pages": 1,
    "records": [
      {
        "createby": "tengyong",
        "createtime": "2021-01-21 09:22:21",
        "dataownership": "SN",
        "delflag": "否",
        "devicetypeflag": "否",
        "frcraft": "水泥工厂节点",
        "frmagrflag": "否",
        "frname": "工厂",
        "frrank": 1,
        "growthvalue": "1",
        "hasatt": "否",
        "haschild": "否",
        "id": 8,
        "img": "",
        "initialcode": "000001",
        "parent": "",
        "prefix": "GC_"
      },
      {
        "createby": "tengyong",
        "createtime": "2021-01-21 09:22:21",
        "dataownership": "SN",
        "delflag": "否",
        "devicetypeflag": "否",
        "frcraft": "水泥产线节点",
        "frmagrflag": "否",
        "frname": "产线",
        "frrank": 2,
        "growthvalue": "1",
        "hasatt": "否",
        "haschild": "否",
        "id": 9,
        "img": "",
        "initialcode": "000001",
        "parent": "1",
        "prefix": "CX_"
      },
      {
        "createby": "tengyong",
        "createtime": "2021-01-21 09:22:21",
        "dataownership": "SN",
        "delflag": "否",
        "devicetypeflag": "否",
        "frcraft": "水泥车间节点",
        "frmagrflag": "否",
        "frname": "车间",
        "frrank": 3,
        "growthvalue": "1",
        "hasatt": "否",
        "haschild": "否",
        "id": 10,
        "img": "",
        "initialcode": "000001",
        "parent": "2",
        "prefix": "CJ_"
      },
      {
        "createby": "tengyong",
        "createtime": "2021-01-21 09:22:21",
        "dataownership": "SN",
        "delflag": "否",
        "devicetypeflag": "否",
        "frcraft": "水泥工段节点",
        "frmagrflag": "否",
        "frname": "工段",
        "frrank": 4,
        "growthvalue": "1",
        "hasatt": "否",
        "haschild": "否",
        "id": 11,
        "img": "",
        "initialcode": "000001",
        "parent": "3",
        "prefix": "GD_"
      },
      {
        "createby": "tengyong",
        "createtime": "2021-01-21 09:22:21",
        "dataownership": "SN",
        "delflag": "否",
        "devicetypeflag": "否",
        "frcraft": "水泥工序节点",
        "frmagrflag": "否",
        "frname": "工序",
        "frrank": 5,
        "growthvalue": "1",
        "hasatt": "否",
        "haschild": "否",
        "id": 12,
        "img": "",
        "initialcode": "000001",
        "parent": "4",
        "prefix": "GX_"
      },
      {
        "createby": "tengyong",
        "createtime": "2021-01-21 09:22:21",
        "dataownership": "SN",
        "delflag": "否",
        "devicetypeflag": "否",
        "frcraft": "水泥机柜节点",
        "frmagrflag": "否",
        "frname": "机柜",
        "frrank": 5,
        "growthvalue": "1",
        "hasatt": "否",
        "haschild": "否",
        "id": 13,
        "img": "",
        "initialcode": "000001",
        "parent": "4",
        "prefix": "JG_"
      },
      {
        "createby": "tengyong",
        "createtime": "2021-01-21 09:28:28",
        "dataownership": "SN",
        "delflag": "否",
        "devicetypeflag": "否",
        "frcraft": "水泥主机节点",
        "frmagrflag": "是",
        "frname": "主机",
        "frrank": 6,
        "growthvalue": "1",
        "hasatt": "否",
        "haschild": "是",
        "id": 14,
        "img": "",
        "initialcode": "000001",
        "parent": "5",
        "prefix": "ZJ_"
      },
      {
        "createby": "tengyong",
        "createtime": "2021-01-21 09:29:33",
        "dataownership": "SN",
        "delflag": "否",
        "devicetypeflag": "否",
        "frcraft": "水泥辅机节点",
        "frmagrflag": "是",
        "frname": "辅机",
        "frrank": 6,
        "growthvalue": "1",
        "hasatt": "否",
        "haschild": "是",
        "id": 15,
        "img": "",
        "initialcode": "000001",
        "parent": "5",
        "prefix": "FJ_"
      },
      {
        "createby": "tengyong",
        "createtime": "2021-01-21 09:30:53",
        "dataownership": "SN",
        "delflag": "否",
        "devicetypeflag": "是",
        "frcraft": "水泥设备节点",
        "frmagrflag": "是",
        "frname": "设备",
        "frrank": 7,
        "growthvalue": "1",
        "hasatt": "否",
        "haschild": "是",
        "id": 16,
        "img": "",
        "initialcode": "000001",
        "parent": "6",
        "prefix": "SD_"
      },
      {
        "createby": "tengyong",
        "createtime": "2021-03-13 17:16:17",
        "dataownership": "SN",
        "delflag": "否",
        "devicetypeflag": "是",
        "frcraft": "水泥部件节点",
        "frmagrflag": "是",
        "frname": "部件",
        "frrank": 8,
        "growthvalue": "1",
        "hasatt": "否",
        "haschild": "否",
        "id": 17,
        "img": "",
        "initialcode": "000001",
        "parent": "7",
        "prefix": "BJ_"
      }
    ],
    "searchCount": true,
    "size": 100,
    "total": 10
  },
  "failArgs": "",
  "msg": "成功",
  "resultExplain": ""
}